# Base Pair,Mean Quality Score
0,30.97679919
1,31.36712788
2,35.28588359
3,35.87855724
4,35.97782136
5,39.34549066
6,39.09700977
7,38.96810668
