# Base Pair,Mean Quality Score
0,30.95248406
1,30.49904409
2,34.04482996
3,35.16884183
4,35.30817093
5,38.49276815
6,37.44714984
7,37.89521262
